{"Entities":[{"Components":{"Model":{"Enabled":true,"FileLocation":"assets/models/ddrex.glb"},"Tag":{"String":"Ddrex"},"Transform":{"Orientation":[0.2149459719657898,3.3294103474190706e-08,0.976625919342041,5.208525166722211e-08],"Position":[0.0,0.0,7.050000190734863],"Scale":[1.0,1.0,1.0]}}},{"Components":{"AmbientLight":{"Color":[0.21078431606292725,0.21078220009803772,0.21078220009803772],"Enabled":true},"DirectionalLight":{"Color":[1.0,1.0,1.0],"Enabled":true,"Type":"DirectionalLight"},"Tag":{"String":"Environment"},"Transform":{"Orientation":[0.7071067690849304,0.7071067690849304,0.0,0.0],"Position":[0.0,0.0,0.0],"Scale":[1.0,1.0,1.0]}}}]}